{"fixed_size": 500, "vary_num_sources": {"voting": [0.00040411949157714844, 0.0002803802490234375, 0.00036406517028808594, 0.0004100799560546875, 0.00044989585876464844, 0.0005156993865966797, 0.0005364418029785156, 0.0005598068237304688, 0.0006589889526367188, 0.0006577968597412109], "sums": [0.008639812469482422, 0.010303497314453125, 0.019942045211791992, 0.015232324600219727, 0.022991180419921875, 0.02470111846923828, 0.026645421981811523, 0.022717714309692383, 0.025188446044921875, 0.03185439109802246], "average.log": [0.007975339889526367, 0.011266231536865234, 0.013389825820922852, 0.013739347457885742, 0.021889686584472656, 0.01899123191833496, 0.021222591400146484, 0.023344993591308594, 0.02549004554748535, 0.0258786678314209], "investment": [0.021893739700317383, 0.03432583808898926, 0.035780906677246094, 0.05320310592651367, 0.049889564514160156, 0.05879569053649902, 0.06489753723144531, 0.07289385795593262, 0.07923626899719238, 0.08713245391845703], "Pooled Investment": [0.012509822845458984, 0.01660013198852539, 0.01945662498474121, 0.022664546966552734, 0.026097536087036133, 0.030878543853759766, 0.03459453582763672, 0.038703203201293945, 0.041487693786621094, 0.04537010192871094], "TruthFinder": [0.002277851104736328, 0.003192424774169922, 0.0030469894409179688, 0.003512859344482422, 0.003755807876586914, 0.004721641540527344, 0.005129337310791016, 0.005527496337890625, 0.00589299201965332, 0.006613016128540039]}, "vary_num_vars": {"voting": [0.00021004676818847656, 0.0002760887145996094, 0.00037479400634765625, 0.0007748603820800781, 0.0005047321319580078, 0.0005018711090087891, 0.0006020069122314453, 0.0006136894226074219, 0.0006515979766845703, 0.0007634162902832031], "sums": [0.00669407844543457, 0.010295391082763672, 0.012353658676147461, 0.02345585823059082, 0.025388002395629883, 0.02900385856628418, 0.02608966827392578, 0.03442573547363281, 0.03294062614440918, 0.043427467346191406], "average.log": [0.006209611892700195, 0.009237289428710938, 0.01410365104675293, 0.02382040023803711, 0.019810199737548828, 0.021634817123413086, 0.025017738342285156, 0.029040813446044922, 0.03285384178161621, 0.03759121894836426], "investment": [0.015813589096069336, 0.027040481567382812, 0.037827253341674805, 0.06792950630187988, 0.05787038803100586, 0.06820988655090332, 0.08003091812133789, 0.08909082412719727, 0.09893321990966797, 0.11097073554992676], "Pooled Investment": [0.008387327194213867, 0.013283252716064453, 0.018970727920532227, 0.03824186325073242, 0.03135180473327637, 0.03570961952209473, 0.04190802574157715, 0.046271324157714844, 0.052845001220703125, 0.05913400650024414], "TruthFinder": [0.0020194053649902344, 0.0033288002014160156, 0.004744529724121094, 0.00399327278137207, 0.00419306755065918, 0.00449061393737793, 0.0049495697021484375, 0.005723714828491211, 0.00698089599609375, 0.007134199142456055]}}
