{"fixed_size": 500, "vary_num_sources": {"voting": [0.0002598762512207031, 0.0004687309265136719, 0.0007722377777099609, 0.0008692741394042969, 0.001077413558959961, 0.0013167858123779297, 0.0013589859008789062, 0.0017137527465820312, 0.0019593238830566406, 0.002066373825073242], "sums": [0.03464937210083008, 0.02225208282470703, 0.03563189506530762, 0.06787848472595215, 0.0596308708190918, 0.07616186141967773, 0.09327554702758789, 0.1311640739440918, 0.13922810554504395, 0.11507844924926758], "average.log": [0.011646747589111328, 0.032630205154418945, 0.03521108627319336, 0.06390142440795898, 0.07035565376281738, 0.10574936866760254, 0.14340448379516602, 0.1205909252166748, 0.1083683967590332, 0.13566803932189941], "investment": [0.033241987228393555, 0.08071231842041016, 0.1575927734375, 0.1853034496307373, 0.23330187797546387, 0.3963623046875, 0.3965167999267578, 0.41042637825012207, 0.42015743255615234, 0.42420530319213867], "Pooled Investment": [0.031130552291870117, 0.06268072128295898, 0.07989144325256348, 0.10732531547546387, 0.13168692588806152, 0.2986893653869629, 0.19566988945007324, 0.24213767051696777, 0.25512051582336426, 0.2638537883758545], "TruthFinder": [0.03181719779968262, 0.09282445907592773, 0.1320815086364746, 0.18941378593444824, 0.21881651878356934, 0.4367249011993408, 0.39366912841796875, 0.46788930892944336, 0.4777028560638428, 0.5149223804473877]}, "vary_num_vars": {"voting": [0.0003800392150878906, 0.0004620552062988281, 0.0007238388061523438, 0.0009682178497314453, 0.001135110855102539, 0.0012941360473632812, 0.0016825199127197266, 0.0022597312927246094, 0.0019519329071044922, 0.0022802352905273438], "sums": [0.007111787796020508, 0.023252010345458984, 0.05937385559082031, 0.06261277198791504, 0.08180856704711914, 0.10019254684448242, 0.1026620864868164, 0.12098979949951172, 0.13221406936645508, 0.14189362525939941], "average.log": [0.011591434478759766, 0.0301206111907959, 0.052671194076538086, 0.06344079971313477, 0.07653450965881348, 0.0908956527709961, 0.10857367515563965, 0.13462281227111816, 0.13001275062561035, 0.14209747314453125], "investment": [0.03327512741088867, 0.09643983840942383, 0.13284015655517578, 0.2006065845489502, 0.2479867935180664, 0.3111410140991211, 0.5317802429199219, 0.47971534729003906, 0.47478580474853516, 0.5332050323486328], "Pooled Investment": [0.02075791358947754, 0.07502388954162598, 0.09171652793884277, 0.12969017028808594, 0.16179633140563965, 0.22812461853027344, 0.3348393440246582, 0.36572837829589844, 0.32545924186706543, 0.3444819450378418], "TruthFinder": [0.008321285247802734, 0.08329629898071289, 0.12754297256469727, 0.23813486099243164, 0.3772721290588379, 0.5255920886993408, 0.8401398658752441, 1.1863141059875488, 1.2579104900360107, 1.5554358959197998]}}
